risk,average_unemployment
HighCrime,0.5539024390243902
LowCrime,0.37688775510204087
